MYDSO_Account;School_Name
ESGCV - PARIS;ESG green
ESGCV - PARIS;ESG Data IA
ESGCV - PARIS;ESGCV ESG SPORT
ESGCV - PARIS;ESGCV ESGCI
ESGCV - PARIS;ESGCV ESGF
ESGCV - PARIS;ESGCV ESGM
ESGCV - PARIS;ESGCV ESGRH
ESGCV - PARIS;ESGCV IICP
ESGCV - PARIS;ESGCV PSB IP
ESGCV - PARIS;ESGCV PSB-PGE
ESGCV - PARIS;PARIS SCHOOL OF BUSINESS
ESGCV - PARIS;ELIJE
ESGCV - PARIS;ESG LUXE
ESGCV AIX EN PROVENCE;ESGCV AIX EN PROVENCE
ESGCV BORDEAUX;ESGCV BORDEAUX
ESGCV LYON;ESGCV LYON
**ESGCV MERKURE;**ESGCV MERKURE
ESGCV MONTPELLIER;ESGCV MONTPELLIER
ESGCV NANTES;ESGCV NANTES
ESGCV RENNES;ESGCV RENNES
ESGCV ROUEN;ESGCV ROUEN
ESGCV STRASBOURG;ESGCV STRASBOURG
ESGCV TOULOUSE;ESGCV TOULOUSE
ESGCV TOURS;ESGCV TOURS
HETIC;HETIC
BELLECOUR;BELLECOUR
ECAD CONSULTANTS;ECAD CONSULTANTS
CIFAP;CIFAP
CIFACOM;CIFACOM
CLCF;CLCF
WEB SCHOOL FACTORY;WEB SCHOOL FACTORY
IMESG;IMESG
IMESG;ESG LANGUES
